,item_number,year,month,quantity
0,C001,2020,1,14
1,C001,2020,2,25
2,C001,2020,3,12
3,C001,2020,4,21
4,C001,2020,5,11
5,C001,2020,6,9
6,C001,2020,7,26
7,C001,2020,8,29
8,C001,2020,9,21
9,C001,2020,10,21
10,C001,2020,11,7
11,C001,2020,12,10
12,C001,2020,13,16
13,C001,2020,14,15
14,C001,2020,15,19
15,C001,2020,16,14
16,C001,2020,17,27
17,C001,2020,18,24
18,C001,2020,19,24
19,C001,2020,20,14
20,C001,2020,21,25
21,C001,2020,22,17
22,C001,2020,23,8
23,C001,2020,24,10
24,C002,2020,1,13
25,C002,2020,2,23
26,C002,2020,3,11
27,C002,2020,4,19
28,C002,2020,5,10
29,C002,2020,6,8
30,C002,2020,7,24
31,C002,2020,8,27
32,C002,2020,9,19
33,C002,2020,10,19
34,C002,2020,11,6
35,C002,2020,12,9
36,C002,2020,13,15
37,C002,2020,14,13
38,C002,2020,15,17
39,C002,2020,16,12
40,C002,2020,17,25
41,C002,2020,18,22
42,C002,2020,19,22
43,C002,2020,20,12
44,C002,2020,21,23
45,C002,2020,22,16
46,C002,2020,23,8
47,C002,2020,24,9
48,C003,2020,1,14
49,C003,2020,2,25
50,C003,2020,3,12
51,C003,2020,4,22
52,C003,2020,5,12
53,C003,2020,6,9
54,C003,2020,7,26
55,C003,2020,8,30
56,C003,2020,9,21
57,C003,2020,10,21
58,C003,2020,11,7
59,C003,2020,12,10
60,C003,2020,13,16
61,C003,2020,14,15
62,C003,2020,15,19
63,C003,2020,16,14
64,C003,2020,17,28
65,C003,2020,18,24
66,C003,2020,19,25
67,C003,2020,20,14
68,C003,2020,21,25
69,C003,2020,22,18
70,C003,2020,23,9
71,C003,2020,24,10
72,C004,2020,1,14
73,C004,2020,2,24
74,C004,2020,3,12
75,C004,2020,4,21
76,C004,2020,5,11
77,C004,2020,6,8
78,C004,2020,7,25
79,C004,2020,8,29
80,C004,2020,9,20
81,C004,2020,10,20
82,C004,2020,11,6
83,C004,2020,12,10
84,C004,2020,13,16
85,C004,2020,14,14
86,C004,2020,15,18
87,C004,2020,16,13
88,C004,2020,17,26
89,C004,2020,18,23
90,C004,2020,19,24
91,C004,2020,20,13
92,C004,2020,21,24
93,C004,2020,22,17
94,C004,2020,23,8
95,C004,2020,24,10
96,C005,2020,1,14
97,C005,2020,2,25
98,C005,2020,3,12
99,C005,2020,4,21
100,C005,2020,5,11
101,C005,2020,6,9
102,C005,2020,7,26
103,C005,2020,8,29
104,C005,2020,9,20
105,C005,2020,10,21
106,C005,2020,11,7
107,C005,2020,12,10
108,C005,2020,13,16
109,C005,2020,14,15
110,C005,2020,15,19
111,C005,2020,16,14
112,C005,2020,17,27
113,C005,2020,18,24
114,C005,2020,19,24
115,C005,2020,20,14
116,C005,2020,21,25
117,C005,2020,22,17
118,C005,2020,23,8
119,C005,2020,24,10
120,C006,2020,1,14
121,C006,2020,2,25
122,C006,2020,3,12
123,C006,2020,4,21
124,C006,2020,5,12
125,C006,2020,6,9
126,C006,2020,7,26
127,C006,2020,8,30
128,C006,2020,9,21
129,C006,2020,10,21
130,C006,2020,11,7
131,C006,2020,12,10
132,C006,2020,13,16
133,C006,2020,14,15
134,C006,2020,15,19
135,C006,2020,16,14
136,C006,2020,17,27
137,C006,2020,18,24
138,C006,2020,19,24
139,C006,2020,20,14
140,C006,2020,21,25
141,C006,2020,22,17
142,C006,2020,23,8
143,C006,2020,24,10
144,E001,2020,1,196
145,E001,2020,2,344
146,E001,2020,3,172
147,E001,2020,4,295
148,E001,2020,5,162
149,E001,2020,6,123
150,E001,2020,7,359
151,E001,2020,8,400
152,E001,2020,9,285
153,E001,2020,10,288
154,E001,2020,11,96
155,E001,2020,12,144
156,E001,2020,13,225
157,E001,2020,14,206
158,E001,2020,15,264
159,E001,2020,16,192
160,E001,2020,17,374
161,E001,2020,18,331
162,E001,2020,19,336
163,E001,2020,20,192
164,E001,2020,21,345
165,E001,2020,22,240
166,E001,2020,23,120
167,E001,2020,24,144
168,E002,2020,1,193
169,E002,2020,2,338
170,E002,2020,3,169
171,E002,2020,4,290
172,E002,2020,5,159
173,E002,2020,6,121
174,E002,2020,7,353
175,E002,2020,8,396
176,E002,2020,9,280
177,E002,2020,10,283
178,E002,2020,11,94
179,E002,2020,12,141
180,E002,2020,13,221
181,E002,2020,14,202
182,E002,2020,15,259
183,E002,2020,16,188
184,E002,2020,17,368
185,E002,2020,18,325
186,E002,2020,19,330
187,E002,2020,20,188
188,E002,2020,21,339
189,E002,2020,22,236
190,E002,2020,23,118
191,E002,2020,24,141
192,E003,2020,1,195
193,E003,2020,2,341
194,E003,2020,3,170
195,E003,2020,4,292
196,E003,2020,5,161
197,E003,2020,6,122
198,E003,2020,7,356
199,E003,2020,8,400
200,E003,2020,9,283
201,E003,2020,10,285
202,E003,2020,11,95
203,E003,2020,12,142
204,E003,2020,13,223
205,E003,2020,14,204
206,E003,2020,15,261
207,E003,2020,16,190
208,E003,2020,17,371
209,E003,2020,18,328
210,E003,2020,19,333
211,E003,2020,20,190
212,E003,2020,21,342
213,E003,2020,22,238
214,E003,2020,23,119
215,E003,2020,24,142
216,E004,2020,1,200
217,E004,2020,2,350
218,E004,2020,3,175
219,E004,2020,4,300
220,E004,2020,5,165
221,E004,2020,6,125
222,E004,2020,7,365
223,E004,2020,8,400
224,E004,2020,9,290
225,E004,2020,10,292
226,E004,2020,11,97
227,E004,2020,12,146
228,E004,2020,13,229
229,E004,2020,14,209
230,E004,2020,15,268
231,E004,2020,16,195
232,E004,2020,17,380
233,E004,2020,18,336
234,E004,2020,19,341
235,E004,2020,20,195
236,E004,2020,21,351
237,E004,2020,22,244
238,E004,2020,23,122
239,E004,2020,24,146
240,E005,2020,1,172
241,E005,2020,2,302
242,E005,2020,3,151
243,E005,2020,4,259
244,E005,2020,5,142
245,E005,2020,6,108
246,E005,2020,7,315
247,E005,2020,8,354
248,E005,2020,9,250
249,E005,2020,10,252
250,E005,2020,11,84
251,E005,2020,12,126
252,E005,2020,13,197
253,E005,2020,14,180
254,E005,2020,15,231
255,E005,2020,16,168
256,E005,2020,17,327
257,E005,2020,18,289
258,E005,2020,19,294
259,E005,2020,20,168
260,E005,2020,21,302
261,E005,2020,22,210
262,E005,2020,23,105
263,E005,2020,24,126
264,E006,2020,1,192
265,E006,2020,2,336
266,E006,2020,3,168
267,E006,2020,4,288
268,E006,2020,5,158
269,E006,2020,6,120
270,E006,2020,7,350
271,E006,2020,8,393
272,E006,2020,9,278
273,E006,2020,10,280
274,E006,2020,11,93
275,E006,2020,12,140
276,E006,2020,13,219
277,E006,2020,14,201
278,E006,2020,15,257
279,E006,2020,16,187
280,E006,2020,17,365
281,E006,2020,18,322
282,E006,2020,19,327
283,E006,2020,20,187
284,E006,2020,21,336
285,E006,2020,22,234
286,E006,2020,23,117
287,E006,2020,24,140
288,E007,2020,1,198
289,E007,2020,2,347
290,E007,2020,3,173
291,E007,2020,4,297
292,E007,2020,5,163
293,E007,2020,6,124
294,E007,2020,7,362
295,E007,2020,8,400
296,E007,2020,9,287
297,E007,2020,10,290
298,E007,2020,11,96
299,E007,2020,12,145
300,E007,2020,13,227
301,E007,2020,14,208
302,E007,2020,15,266
303,E007,2020,16,193
304,E007,2020,17,377
305,E007,2020,18,333
306,E007,2020,19,338
307,E007,2020,20,193
308,E007,2020,21,348
309,E007,2020,22,242
310,E007,2020,23,121
311,E007,2020,24,145
312,E008,2020,1,204
313,E008,2020,2,358
314,E008,2020,3,179
315,E008,2020,4,307
316,E008,2020,5,168
317,E008,2020,6,128
318,E008,2020,7,373
319,E008,2020,8,400
320,E008,2020,9,296
321,E008,2020,10,300
322,E008,2020,11,100
323,E008,2020,12,150
324,E008,2020,13,235
325,E008,2020,14,215
326,E008,2020,15,275
327,E008,2020,16,200
328,E008,2020,17,390
329,E008,2020,18,345
330,E008,2020,19,350
331,E008,2020,20,200
332,E008,2020,21,360
333,E008,2020,22,250
334,E008,2020,23,125
335,E008,2020,24,150
336,E020,2020,1,9
337,E020,2020,2,16
338,E020,2020,3,8
339,E020,2020,4,14
340,E020,2020,5,7
341,E020,2020,6,5
342,E020,2020,7,17
343,E020,2020,8,19
344,E020,2020,9,13
345,E020,2020,10,13
346,E020,2020,11,4
347,E020,2020,12,6
348,E020,2020,13,10
349,E020,2020,14,9
350,E020,2020,15,12
351,E020,2020,16,9
352,E020,2020,17,17
353,E020,2020,18,15
354,E020,2020,19,16
355,E020,2020,20,9
356,E020,2020,21,16
357,E020,2020,22,11
358,E020,2020,23,5
359,E020,2020,24,6
360,E021,2020,1,9
361,E021,2020,2,16
362,E021,2020,3,8
363,E021,2020,4,14
364,E021,2020,5,7
365,E021,2020,6,5
366,E021,2020,7,17
367,E021,2020,8,19
368,E021,2020,9,13
369,E021,2020,10,13
370,E021,2020,11,4
371,E021,2020,12,6
372,E021,2020,13,10
373,E021,2020,14,9
374,E021,2020,15,12
375,E021,2020,16,9
376,E021,2020,17,17
377,E021,2020,18,15
378,E021,2020,19,16
379,E021,2020,20,9
380,E021,2020,21,16
381,E021,2020,22,11
382,E021,2020,23,5
383,E021,2020,24,6
384,E030,2020,1,25
385,E030,2020,2,43
386,E030,2020,3,21
387,E030,2020,4,37
388,E030,2020,5,20
389,E030,2020,6,15
390,E030,2020,7,45
391,E030,2020,8,50
392,E030,2020,9,36
393,E030,2020,10,36
394,E030,2020,11,12
395,E030,2020,12,18
396,E030,2020,13,28
397,E030,2020,14,26
398,E030,2020,15,33
399,E030,2020,16,24
400,E030,2020,17,47
401,E030,2020,18,42
402,E030,2020,19,42
403,E030,2020,20,24
404,E030,2020,21,43
405,E030,2020,22,30
406,E030,2020,23,15
407,E030,2020,24,18
408,E031,2020,1,24
409,E031,2020,2,43
410,E031,2020,3,21
411,E031,2020,4,36
412,E031,2020,5,20
413,E031,2020,6,15
414,E031,2020,7,44
415,E031,2020,8,50
416,E031,2020,9,35
417,E031,2020,10,36
418,E031,2020,11,12
419,E031,2020,12,18
420,E031,2020,13,28
421,E031,2020,14,25
422,E031,2020,15,33
423,E031,2020,16,24
424,E031,2020,17,46
425,E031,2020,18,41
426,E031,2020,19,42
427,E031,2020,20,24
428,E031,2020,21,43
429,E031,2020,22,30
430,E031,2020,23,15
431,E031,2020,24,18
432,E032,2020,1,24
433,E032,2020,2,42
434,E032,2020,3,21
435,E032,2020,4,36
436,E032,2020,5,19
437,E032,2020,6,15
438,E032,2020,7,44
439,E032,2020,8,49
440,E032,2020,9,35
441,E032,2020,10,35
442,E032,2020,11,11
443,E032,2020,12,17
444,E032,2020,13,27
445,E032,2020,14,25
446,E032,2020,15,32
447,E032,2020,16,23
448,E032,2020,17,46
449,E032,2020,18,40
450,E032,2020,19,41
451,E032,2020,20,23
452,E032,2020,21,42
453,E032,2020,22,29
454,E032,2020,23,14
455,E032,2020,24,17
456,E033,2020,1,24
457,E033,2020,2,42
458,E033,2020,3,21
459,E033,2020,4,36
460,E033,2020,5,20
461,E033,2020,6,15
462,E033,2020,7,44
463,E033,2020,8,50
464,E033,2020,9,35
465,E033,2020,10,35
466,E033,2020,11,11
467,E033,2020,12,17
468,E033,2020,13,27
469,E033,2020,14,25
470,E033,2020,15,32
471,E033,2020,16,23
472,E033,2020,17,46
473,E033,2020,18,41
474,E033,2020,19,41
475,E033,2020,20,23
476,E033,2020,21,42
477,E033,2020,22,29
478,E033,2020,23,14
479,E033,2020,24,17
480,E034,2020,1,24
481,E034,2020,2,43
482,E034,2020,3,21
483,E034,2020,4,37
484,E034,2020,5,20
485,E034,2020,6,15
486,E034,2020,7,45
487,E034,2020,8,50
488,E034,2020,9,35
489,E034,2020,10,36
490,E034,2020,11,12
491,E034,2020,12,18
492,E034,2020,13,28
493,E034,2020,14,26
494,E034,2020,15,33
495,E034,2020,16,24
496,E034,2020,17,47
497,E034,2020,18,41
498,E034,2020,19,42
499,E034,2020,20,24
500,E034,2020,21,43
501,E034,2020,22,30
502,E034,2020,23,15
503,E034,2020,24,18
504,E035,2020,1,23
505,E035,2020,2,41
506,E035,2020,3,20
507,E035,2020,4,35
508,E035,2020,5,19
509,E035,2020,6,14
510,E035,2020,7,43
511,E035,2020,8,48
512,E035,2020,9,34
513,E035,2020,10,34
514,E035,2020,11,11
515,E035,2020,12,17
516,E035,2020,13,27
517,E035,2020,14,24
518,E035,2020,15,31
519,E035,2020,16,23
520,E035,2020,17,44
521,E035,2020,18,39
522,E035,2020,19,40
523,E035,2020,20,23
524,E035,2020,21,41
525,E035,2020,22,28
526,E035,2020,23,14
527,E035,2020,24,17
528,E036,2020,1,23
529,E036,2020,2,41
530,E036,2020,3,20
531,E036,2020,4,35
532,E036,2020,5,19
533,E036,2020,6,14
534,E036,2020,7,43
535,E036,2020,8,48
536,E036,2020,9,34
537,E036,2020,10,34
538,E036,2020,11,11
539,E036,2020,12,17
540,E036,2020,13,27
541,E036,2020,14,24
542,E036,2020,15,31
543,E036,2020,16,23
544,E036,2020,17,44
545,E036,2020,18,39
546,E036,2020,19,40
547,E036,2020,20,23
548,E036,2020,21,41
549,E036,2020,22,28
550,E036,2020,23,14
551,E036,2020,24,17
552,F020,2020,1,24
553,F020,2020,2,43
554,F020,2020,3,21
555,F020,2020,4,37
556,F020,2020,5,20
557,F020,2020,6,15
558,F020,2020,7,45
559,F020,2020,8,50
560,F020,2020,9,35
561,F020,2020,10,36
562,F020,2020,11,12
563,F020,2020,12,18
564,F020,2020,13,28
565,F020,2020,14,26
566,F020,2020,15,33
567,F020,2020,16,24
568,F020,2020,17,47
569,F020,2020,18,41
570,F020,2020,19,42
571,F020,2020,20,24
572,F020,2020,21,43
573,F020,2020,22,30
574,F020,2020,23,15
575,F020,2020,24,18
576,F021,2020,1,50
577,F021,2020,2,88
578,F021,2020,3,44
579,F021,2020,4,76
580,F021,2020,5,41
581,F021,2020,6,31
582,F021,2020,7,92
583,F021,2020,8,100
584,F021,2020,9,73
585,F021,2020,10,74
586,F021,2020,11,24
587,F021,2020,12,37
588,F021,2020,13,58
589,F021,2020,14,53
590,F021,2020,15,68
591,F021,2020,16,49
592,F021,2020,17,96
593,F021,2020,18,85
594,F021,2020,19,86
595,F021,2020,20,49
596,F021,2020,21,89
597,F021,2020,22,62
598,F021,2020,23,31
599,F021,2020,24,37
600,F022,2020,1,50
601,F022,2020,2,87
602,F022,2020,3,43
603,F022,2020,4,75
604,F022,2020,5,41
605,F022,2020,6,31
606,F022,2020,7,91
607,F022,2020,8,100
608,F022,2020,9,72
609,F022,2020,10,73
610,F022,2020,11,24
611,F022,2020,12,36
612,F022,2020,13,57
613,F022,2020,14,52
614,F022,2020,15,67
615,F022,2020,16,48
616,F022,2020,17,95
617,F022,2020,18,84
618,F022,2020,19,85
619,F022,2020,20,48
620,F022,2020,21,87
621,F022,2020,22,61
622,F022,2020,23,30
623,F022,2020,24,36
624,F023,2020,1,72
625,F023,2020,2,127
626,F023,2020,3,63
627,F023,2020,4,108
628,F023,2020,5,59
629,F023,2020,6,45
630,F023,2020,7,132
631,F023,2020,8,148
632,F023,2020,9,105
633,F023,2020,10,106
634,F023,2020,11,35
635,F023,2020,12,53
636,F023,2020,13,83
637,F023,2020,14,76
638,F023,2020,15,97
639,F023,2020,16,70
640,F023,2020,17,138
641,F023,2020,18,122
642,F023,2020,19,123
643,F023,2020,20,70
644,F023,2020,21,127
645,F023,2020,22,88
646,F023,2020,23,44
647,F023,2020,24,53
648,F024,2020,1,73
649,F024,2020,2,128
650,F024,2020,3,64
651,F024,2020,4,109
652,F024,2020,5,60
653,F024,2020,6,45
654,F024,2020,7,133
655,F024,2020,8,150
656,F024,2020,9,106
657,F024,2020,10,107
658,F024,2020,11,35
659,F024,2020,12,53
660,F024,2020,13,83
661,F024,2020,14,76
662,F024,2020,15,98
663,F024,2020,16,71
664,F024,2020,17,139
665,F024,2020,18,123
666,F024,2020,19,124
667,F024,2020,20,71
668,F024,2020,21,128
669,F024,2020,22,89
670,F024,2020,23,44
671,F024,2020,24,53
672,F031,2020,1,70
673,F031,2020,2,123
674,F031,2020,3,61
675,F031,2020,4,106
676,F031,2020,5,58
677,F031,2020,6,44
678,F031,2020,7,129
679,F031,2020,8,145
680,F031,2020,9,102
681,F031,2020,10,103
682,F031,2020,11,34
683,F031,2020,12,51
684,F031,2020,13,81
685,F031,2020,14,74
686,F031,2020,15,94
687,F031,2020,16,69
688,F031,2020,17,134
689,F031,2020,18,119
690,F031,2020,19,120
691,F031,2020,20,69
692,F031,2020,21,124
693,F031,2020,22,86
694,F031,2020,23,43
695,F031,2020,24,51
696,F032,2020,1,65
697,F032,2020,2,114
698,F032,2020,3,57
699,F032,2020,4,98
700,F032,2020,5,53
701,F032,2020,6,40
702,F032,2020,7,119
703,F032,2020,8,134
704,F032,2020,9,94
705,F032,2020,10,95
706,F032,2020,11,31
707,F032,2020,12,47
708,F032,2020,13,74
709,F032,2020,14,68
710,F032,2020,15,87
711,F032,2020,16,63
712,F032,2020,17,124
713,F032,2020,18,109
714,F032,2020,19,111
715,F032,2020,20,63
716,F032,2020,21,114
717,F032,2020,22,79
718,F032,2020,23,39
719,F032,2020,24,47
720,F033,2020,1,72
721,F033,2020,2,126
722,F033,2020,3,63
723,F033,2020,4,108
724,F033,2020,5,59
725,F033,2020,6,45
726,F033,2020,7,131
727,F033,2020,8,147
728,F033,2020,9,104
729,F033,2020,10,105
730,F033,2020,11,35
731,F033,2020,12,52
732,F033,2020,13,82
733,F033,2020,14,75
734,F033,2020,15,96
735,F033,2020,16,70
736,F033,2020,17,136
737,F033,2020,18,121
738,F033,2020,19,122
739,F033,2020,20,70
740,F033,2020,21,126
741,F033,2020,22,87
742,F033,2020,23,43
743,F033,2020,24,52
744,F034,2020,1,73
745,F034,2020,2,129
746,F034,2020,3,64
747,F034,2020,4,110
748,F034,2020,5,60
749,F034,2020,6,46
750,F034,2020,7,134
751,F034,2020,8,150
752,F034,2020,9,107
753,F034,2020,10,108
754,F034,2020,11,36
755,F034,2020,12,54
756,F034,2020,13,84
757,F034,2020,14,77
758,F034,2020,15,99
759,F034,2020,16,72
760,F034,2020,17,140
761,F034,2020,18,124
762,F034,2020,19,126
763,F034,2020,20,72
764,F034,2020,21,129
765,F034,2020,22,90
766,F034,2020,23,45
767,F034,2020,24,54
768,F035,2020,1,74
769,F035,2020,2,130
770,F035,2020,3,65
771,F035,2020,4,111
772,F035,2020,5,61
773,F035,2020,6,46
774,F035,2020,7,135
775,F035,2020,8,150
776,F035,2020,9,107
777,F035,2020,10,108
778,F035,2020,11,36
779,F035,2020,12,54
780,F035,2020,13,85
781,F035,2020,14,78
782,F035,2020,15,99
783,F035,2020,16,72
784,F035,2020,17,141
785,F035,2020,18,125
786,F035,2020,19,127
787,F035,2020,20,72
788,F035,2020,21,130
789,F035,2020,22,90
790,F035,2020,23,45
791,F035,2020,24,54
792,H011,2020,1,39
793,H011,2020,2,68
794,H011,2020,3,34
795,H011,2020,4,58
796,H011,2020,5,32
797,H011,2020,6,24
798,H011,2020,7,71
799,H011,2020,8,80
800,H011,2020,9,56
801,H011,2020,10,57
802,H011,2020,11,19
803,H011,2020,12,28
804,H011,2020,13,44
805,H011,2020,14,40
806,H011,2020,15,52
807,H011,2020,16,38
808,H011,2020,17,74
809,H011,2020,18,65
810,H011,2020,19,66
811,H011,2020,20,38
812,H011,2020,21,68
813,H011,2020,22,47
814,H011,2020,23,23
815,H011,2020,24,28
816,H012,2020,1,37
817,H012,2020,2,66
818,H012,2020,3,33
819,H012,2020,4,56
820,H012,2020,5,31
821,H012,2020,6,23
822,H012,2020,7,68
823,H012,2020,8,77
824,H012,2020,9,54
825,H012,2020,10,55
826,H012,2020,11,18
827,H012,2020,12,27
828,H012,2020,13,43
829,H012,2020,14,39
830,H012,2020,15,50
831,H012,2020,16,36
832,H012,2020,17,71
833,H012,2020,18,63
834,H012,2020,19,64
835,H012,2020,20,36
836,H012,2020,21,66
837,H012,2020,22,46
838,H012,2020,23,23
839,H012,2020,24,27
840,H013,2020,1,38
841,H013,2020,2,67
842,H013,2020,3,33
843,H013,2020,4,57
844,H013,2020,5,31
845,H013,2020,6,24
846,H013,2020,7,70
847,H013,2020,8,78
848,H013,2020,9,55
849,H013,2020,10,56
850,H013,2020,11,18
851,H013,2020,12,28
852,H013,2020,13,43
853,H013,2020,14,40
854,H013,2020,15,51
855,H013,2020,16,37
856,H013,2020,17,73
857,H013,2020,18,64
858,H013,2020,19,65
859,H013,2020,20,37
860,H013,2020,21,67
861,H013,2020,22,46
862,H013,2020,23,23
863,H013,2020,24,28
864,H014,2020,1,39
865,H014,2020,2,68
866,H014,2020,3,34
867,H014,2020,4,59
868,H014,2020,5,32
869,H014,2020,6,24
870,H014,2020,7,71
871,H014,2020,8,80
872,H014,2020,9,57
873,H014,2020,10,57
874,H014,2020,11,19
875,H014,2020,12,28
876,H014,2020,13,45
877,H014,2020,14,41
878,H014,2020,15,52
879,H014,2020,16,38
880,H014,2020,17,74
881,H014,2020,18,66
882,H014,2020,19,67
883,H014,2020,20,38
884,H014,2020,21,69
885,H014,2020,22,48
886,H014,2020,23,24
887,H014,2020,24,28
888,H031,2020,1,9
889,H031,2020,2,16
890,H031,2020,3,8
891,H031,2020,4,14
892,H031,2020,5,7
893,H031,2020,6,6
894,H031,2020,7,17
895,H031,2020,8,19
896,H031,2020,9,14
897,H031,2020,10,14
898,H031,2020,11,4
899,H031,2020,12,7
900,H031,2020,13,11
901,H031,2020,14,10
902,H031,2020,15,12
903,H031,2020,16,9
904,H031,2020,17,18
905,H031,2020,18,16
906,H031,2020,19,16
907,H031,2020,20,9
908,H031,2020,21,16
909,H031,2020,22,11
910,H031,2020,23,5
911,H031,2020,24,7
912,H032,2020,1,9
913,H032,2020,2,16
914,H032,2020,3,8
915,H032,2020,4,14
916,H032,2020,5,7
917,H032,2020,6,5
918,H032,2020,7,17
919,H032,2020,8,19
920,H032,2020,9,13
921,H032,2020,10,13
922,H032,2020,11,4
923,H032,2020,12,6
924,H032,2020,13,10
925,H032,2020,14,9
926,H032,2020,15,12
927,H032,2020,16,9
928,H032,2020,17,17
929,H032,2020,18,15
930,H032,2020,19,16
931,H032,2020,20,9
932,H032,2020,21,16
933,H032,2020,22,11
934,H032,2020,23,5
935,H032,2020,24,6
936,H033,2020,1,8
937,H033,2020,2,15
938,H033,2020,3,7
939,H033,2020,4,13
940,H033,2020,5,7
941,H033,2020,6,5
942,H033,2020,7,16
943,H033,2020,8,18
944,H033,2020,9,12
945,H033,2020,10,12
946,H033,2020,11,4
947,H033,2020,12,6
948,H033,2020,13,10
949,H033,2020,14,9
950,H033,2020,15,11
951,H033,2020,16,8
952,H033,2020,17,16
953,H033,2020,18,14
954,H033,2020,19,14
955,H033,2020,20,8
956,H033,2020,21,15
957,H033,2020,22,10
958,H033,2020,23,5
959,H033,2020,24,6
960,P010,2020,1,29
961,P010,2020,2,51
962,P010,2020,3,25
963,P010,2020,4,44
964,P010,2020,5,24
965,P010,2020,6,18
966,P010,2020,7,53
967,P010,2020,8,60
968,P010,2020,9,42
969,P010,2020,10,43
970,P010,2020,11,14
971,P010,2020,12,21
972,P010,2020,13,33
973,P010,2020,14,30
974,P010,2020,15,39
975,P010,2020,16,28
976,P010,2020,17,56
977,P010,2020,18,49
978,P010,2020,19,50
979,P010,2020,20,28
980,P010,2020,21,51
981,P010,2020,22,36
982,P010,2020,23,18
983,P010,2020,24,21
984,P011,2020,1,29
985,P011,2020,2,50
986,P011,2020,3,25
987,P011,2020,4,43
988,P011,2020,5,23
989,P011,2020,6,18
990,P011,2020,7,52
991,P011,2020,8,59
992,P011,2020,9,42
993,P011,2020,10,42
994,P011,2020,11,14
995,P011,2020,12,21
996,P011,2020,13,33
997,P011,2020,14,30
998,P011,2020,15,38
999,P011,2020,16,28
1000,P011,2020,17,55
1001,P011,2020,18,48
1002,P011,2020,19,49
1003,P011,2020,20,28
1004,P011,2020,21,50
1005,P011,2020,22,35
1006,P011,2020,23,17
1007,P011,2020,24,21
1008,P012,2020,1,28
1009,P012,2020,2,49
1010,P012,2020,3,24
1011,P012,2020,4,42
1012,P012,2020,5,23
1013,P012,2020,6,17
1014,P012,2020,7,51
1015,P012,2020,8,58
1016,P012,2020,9,41
1017,P012,2020,10,41
1018,P012,2020,11,13
1019,P012,2020,12,20
1020,P012,2020,13,32
1021,P012,2020,14,29
1022,P012,2020,15,37
1023,P012,2020,16,27
1024,P012,2020,17,53
1025,P012,2020,18,47
1026,P012,2020,19,48
1027,P012,2020,20,27
1028,P012,2020,21,49
1029,P012,2020,22,34
1030,P012,2020,23,17
1031,P012,2020,24,20
1032,P013,2020,1,29
1033,P013,2020,2,51
1034,P013,2020,3,25
1035,P013,2020,4,43
1036,P013,2020,5,24
1037,P013,2020,6,18
1038,P013,2020,7,53
1039,P013,2020,8,60
1040,P013,2020,9,42
1041,P013,2020,10,42
1042,P013,2020,11,14
1043,P013,2020,12,21
1044,P013,2020,13,33
1045,P013,2020,14,30
1046,P013,2020,15,39
1047,P013,2020,16,28
1048,P013,2020,17,55
1049,P013,2020,18,49
1050,P013,2020,19,49
1051,P013,2020,20,28
1052,P013,2020,21,51
1053,P013,2020,22,35
1054,P013,2020,23,17
1055,P013,2020,24,21
1056,P014,2020,1,25
1057,P014,2020,2,45
1058,P014,2020,3,22
1059,P014,2020,4,38
1060,P014,2020,5,21
1061,P014,2020,6,16
1062,P014,2020,7,47
1063,P014,2020,8,53
1064,P014,2020,9,37
1065,P014,2020,10,37
1066,P014,2020,11,12
1067,P014,2020,12,18
1068,P014,2020,13,29
1069,P014,2020,14,27
1070,P014,2020,15,34
1071,P014,2020,16,25
1072,P014,2020,17,49
1073,P014,2020,18,43
1074,P014,2020,19,44
1075,P014,2020,20,25
1076,P014,2020,21,45
1077,P014,2020,22,31
1078,P014,2020,23,15
1079,P014,2020,24,18
1080,P015,2020,1,29
1081,P015,2020,2,50
1082,P015,2020,3,25
1083,P015,2020,4,43
1084,P015,2020,5,23
1085,P015,2020,6,18
1086,P015,2020,7,52
1087,P015,2020,8,59
1088,P015,2020,9,42
1089,P015,2020,10,42
1090,P015,2020,11,14
1091,P015,2020,12,21
1092,P015,2020,13,33
1093,P015,2020,14,30
1094,P015,2020,15,38
1095,P015,2020,16,28
1096,P015,2020,17,55
1097,P015,2020,18,48
1098,P015,2020,19,49
1099,P015,2020,20,28
1100,P015,2020,21,50
1101,P015,2020,22,35
1102,P015,2020,23,17
1103,P015,2020,24,21
1104,P016,2020,1,28
1105,P016,2020,2,49
1106,P016,2020,3,24
1107,P016,2020,4,42
1108,P016,2020,5,23
1109,P016,2020,6,17
1110,P016,2020,7,52
1111,P016,2020,8,58
1112,P016,2020,9,41
1113,P016,2020,10,41
1114,P016,2020,11,13
1115,P016,2020,12,20
1116,P016,2020,13,32
1117,P016,2020,14,29
1118,P016,2020,15,38
1119,P016,2020,16,27
1120,P016,2020,17,54
1121,P016,2020,18,48
1122,P016,2020,19,48
1123,P016,2020,20,27
1124,P016,2020,21,50
1125,P016,2020,22,34
1126,P016,2020,23,17
1127,P016,2020,24,20
1128,P020,2020,1,250
1129,P020,2020,2,437
1130,P020,2020,3,218
1131,P020,2020,4,375
1132,P020,2020,5,206
1133,P020,2020,6,156
1134,P020,2020,7,456
1135,P020,2020,8,500
1136,P020,2020,9,362
1137,P020,2020,10,366
1138,P020,2020,11,122
1139,P020,2020,12,183
1140,P020,2020,13,286
1141,P020,2020,14,262
1142,P020,2020,15,335
1143,P020,2020,16,244
1144,P020,2020,17,475
1145,P020,2020,18,420
1146,P020,2020,19,427
1147,P020,2020,20,244
1148,P020,2020,21,439
1149,P020,2020,22,305
1150,P020,2020,23,152
1151,P020,2020,24,183
1152,P021,2020,1,256
1153,P021,2020,2,448
1154,P021,2020,3,224
1155,P021,2020,4,384
1156,P021,2020,5,211
1157,P021,2020,6,160
1158,P021,2020,7,467
1159,P021,2020,8,500
1160,P021,2020,9,371
1161,P021,2020,10,375
1162,P021,2020,11,125
1163,P021,2020,12,187
1164,P021,2020,13,293
1165,P021,2020,14,268
1166,P021,2020,15,343
1167,P021,2020,16,250
1168,P021,2020,17,487
1169,P021,2020,18,431
1170,P021,2020,19,437
1171,P021,2020,20,250
1172,P021,2020,21,450
1173,P021,2020,22,312
1174,P021,2020,23,156
1175,P021,2020,24,187
1176,P030,2020,1,24
1177,P030,2020,2,43
1178,P030,2020,3,21
1179,P030,2020,4,36
1180,P030,2020,5,20
1181,P030,2020,6,15
1182,P030,2020,7,44
1183,P030,2020,8,50
1184,P030,2020,9,35
1185,P030,2020,10,36
1186,P030,2020,11,12
1187,P030,2020,12,18
1188,P030,2020,13,28
1189,P030,2020,14,25
1190,P030,2020,15,33
1191,P030,2020,16,24
1192,P030,2020,17,46
1193,P030,2020,18,41
1194,P030,2020,19,42
1195,P030,2020,20,24
1196,P030,2020,21,43
1197,P030,2020,22,30
1198,P030,2020,23,15
1199,P030,2020,24,18
1200,P031,2020,1,24
1201,P031,2020,2,43
1202,P031,2020,3,21
1203,P031,2020,4,37
1204,P031,2020,5,20
1205,P031,2020,6,15
1206,P031,2020,7,45
1207,P031,2020,8,50
1208,P031,2020,9,35
1209,P031,2020,10,36
1210,P031,2020,11,12
1211,P031,2020,12,18
1212,P031,2020,13,28
1213,P031,2020,14,26
1214,P031,2020,15,33
1215,P031,2020,16,24
1216,P031,2020,17,47
1217,P031,2020,18,41
1218,P031,2020,19,42
1219,P031,2020,20,24
1220,P031,2020,21,43
1221,P031,2020,22,30
1222,P031,2020,23,15
1223,P031,2020,24,18
1224,P032,2020,1,24
1225,P032,2020,2,42
1226,P032,2020,3,21
1227,P032,2020,4,36
1228,P032,2020,5,20
1229,P032,2020,6,15
1230,P032,2020,7,44
1231,P032,2020,8,50
1232,P032,2020,9,35
1233,P032,2020,10,35
1234,P032,2020,11,11
1235,P032,2020,12,17
1236,P032,2020,13,27
1237,P032,2020,14,25
1238,P032,2020,15,32
1239,P032,2020,16,23
1240,P032,2020,17,46
1241,P032,2020,18,41
1242,P032,2020,19,41
1243,P032,2020,20,23
1244,P032,2020,21,42
1245,P032,2020,22,29
1246,P032,2020,23,14
1247,P032,2020,24,17
1248,P033,2020,1,24
1249,P033,2020,2,43
1250,P033,2020,3,21
1251,P033,2020,4,37
1252,P033,2020,5,20
1253,P033,2020,6,15
1254,P033,2020,7,45
1255,P033,2020,8,50
1256,P033,2020,9,35
1257,P033,2020,10,36
1258,P033,2020,11,12
1259,P033,2020,12,18
1260,P033,2020,13,28
1261,P033,2020,14,26
1262,P033,2020,15,33
1263,P033,2020,16,24
1264,P033,2020,17,47
1265,P033,2020,18,41
1266,P033,2020,19,42
1267,P033,2020,20,24
1268,P033,2020,21,43
1269,P033,2020,22,30
1270,P033,2020,23,15
1271,P033,2020,24,18
1272,P034,2020,1,24
1273,P034,2020,2,43
1274,P034,2020,3,21
1275,P034,2020,4,36
1276,P034,2020,5,20
1277,P034,2020,6,15
1278,P034,2020,7,44
1279,P034,2020,8,50
1280,P034,2020,9,35
1281,P034,2020,10,36
1282,P034,2020,11,12
1283,P034,2020,12,18
1284,P034,2020,13,28
1285,P034,2020,14,25
1286,P034,2020,15,33
1287,P034,2020,16,24
1288,P034,2020,17,46
1289,P034,2020,18,41
1290,P034,2020,19,42
1291,P034,2020,20,24
1292,P034,2020,21,43
1293,P034,2020,22,30
1294,P034,2020,23,15
1295,P034,2020,24,18
1296,P035,2020,1,25
1297,P035,2020,2,43
1298,P035,2020,3,21
1299,P035,2020,4,37
1300,P035,2020,5,20
1301,P035,2020,6,15
1302,P035,2020,7,45
1303,P035,2020,8,50
1304,P035,2020,9,36
1305,P035,2020,10,36
1306,P035,2020,11,12
1307,P035,2020,12,18
1308,P035,2020,13,28
1309,P035,2020,14,26
1310,P035,2020,15,33
1311,P035,2020,16,24
1312,P035,2020,17,47
1313,P035,2020,18,42
1314,P035,2020,19,42
1315,P035,2020,20,24
1316,P035,2020,21,43
1317,P035,2020,22,30
1318,P035,2020,23,15
1319,P035,2020,24,18
1320,P036,2020,1,23
1321,P036,2020,2,41
1322,P036,2020,3,20
1323,P036,2020,4,35
1324,P036,2020,5,19
1325,P036,2020,6,14
1326,P036,2020,7,43
1327,P036,2020,8,48
1328,P036,2020,9,34
1329,P036,2020,10,34
1330,P036,2020,11,11
1331,P036,2020,12,17
1332,P036,2020,13,27
1333,P036,2020,14,24
1334,P036,2020,15,31
1335,P036,2020,16,23
1336,P036,2020,17,44
1337,P036,2020,18,39
1338,P036,2020,19,40
1339,P036,2020,20,23
1340,P036,2020,21,41
1341,P036,2020,22,28
1342,P036,2020,23,14
1343,P036,2020,24,17
1344,P037,2020,1,24
1345,P037,2020,2,43
1346,P037,2020,3,21
1347,P037,2020,4,36
1348,P037,2020,5,20
1349,P037,2020,6,15
1350,P037,2020,7,44
1351,P037,2020,8,50
1352,P037,2020,9,35
1353,P037,2020,10,36
1354,P037,2020,11,12
1355,P037,2020,12,18
1356,P037,2020,13,28
1357,P037,2020,14,25
1358,P037,2020,15,33
1359,P037,2020,16,24
1360,P037,2020,17,46
1361,P037,2020,18,41
1362,P037,2020,19,42
1363,P037,2020,20,24
1364,P037,2020,21,43
1365,P037,2020,22,30
1366,P037,2020,23,15
1367,P037,2020,24,18
1368,P038,2020,1,24
1369,P038,2020,2,43
1370,P038,2020,3,21
1371,P038,2020,4,37
1372,P038,2020,5,20
1373,P038,2020,6,15
1374,P038,2020,7,45
1375,P038,2020,8,50
1376,P038,2020,9,35
1377,P038,2020,10,36
1378,P038,2020,11,12
1379,P038,2020,12,18
1380,P038,2020,13,28
1381,P038,2020,14,26
1382,P038,2020,15,33
1383,P038,2020,16,24
1384,P038,2020,17,47
1385,P038,2020,18,41
1386,P038,2020,19,42
1387,P038,2020,20,24
1388,P038,2020,21,43
1389,P038,2020,22,30
1390,P038,2020,23,15
1391,P038,2020,24,18
1392,P039,2020,1,25
1393,P039,2020,2,43
1394,P039,2020,3,21
1395,P039,2020,4,37
1396,P039,2020,5,20
1397,P039,2020,6,15
1398,P039,2020,7,45
1399,P039,2020,8,50
1400,P039,2020,9,36
1401,P039,2020,10,36
1402,P039,2020,11,12
1403,P039,2020,12,18
1404,P039,2020,13,28
1405,P039,2020,14,26
1406,P039,2020,15,33
1407,P039,2020,16,24
1408,P039,2020,17,47
1409,P039,2020,18,42
1410,P039,2020,19,42
1411,P039,2020,20,24
1412,P039,2020,21,43
1413,P039,2020,22,30
1414,P039,2020,23,15
1415,P039,2020,24,18
1416,P040,2020,1,24
1417,P040,2020,2,42
1418,P040,2020,3,21
1419,P040,2020,4,36
1420,P040,2020,5,20
1421,P040,2020,6,15
1422,P040,2020,7,44
1423,P040,2020,8,50
1424,P040,2020,9,35
1425,P040,2020,10,35
1426,P040,2020,11,11
1427,P040,2020,12,17
1428,P040,2020,13,27
1429,P040,2020,14,25
1430,P040,2020,15,32
1431,P040,2020,16,23
1432,P040,2020,17,46
1433,P040,2020,18,41
1434,P040,2020,19,41
1435,P040,2020,20,23
1436,P040,2020,21,42
1437,P040,2020,22,29
1438,P040,2020,23,14
1439,P040,2020,24,17
1440,P041,2020,1,23
1441,P041,2020,2,41
1442,P041,2020,3,20
1443,P041,2020,4,35
1444,P041,2020,5,19
1445,P041,2020,6,14
1446,P041,2020,7,43
1447,P041,2020,8,48
1448,P041,2020,9,34
1449,P041,2020,10,34
1450,P041,2020,11,11
1451,P041,2020,12,17
1452,P041,2020,13,27
1453,P041,2020,14,24
1454,P041,2020,15,31
1455,P041,2020,16,23
1456,P041,2020,17,44
1457,P041,2020,18,39
1458,P041,2020,19,40
1459,P041,2020,20,23
1460,P041,2020,21,41
1461,P041,2020,22,28
1462,P041,2020,23,14
1463,P041,2020,24,17
1464,P042,2020,1,25
1465,P042,2020,2,43
1466,P042,2020,3,21
1467,P042,2020,4,37
1468,P042,2020,5,20
1469,P042,2020,6,15
1470,P042,2020,7,45
1471,P042,2020,8,50
1472,P042,2020,9,36
1473,P042,2020,10,36
1474,P042,2020,11,12
1475,P042,2020,12,18
1476,P042,2020,13,28
1477,P042,2020,14,26
1478,P042,2020,15,33
1479,P042,2020,16,24
1480,P042,2020,17,47
1481,P042,2020,18,42
1482,P042,2020,19,42
1483,P042,2020,20,24
1484,P042,2020,21,43
1485,P042,2020,22,30
1486,P042,2020,23,15
1487,P042,2020,24,18
1488,P043,2020,1,24
1489,P043,2020,2,43
1490,P043,2020,3,21
1491,P043,2020,4,36
1492,P043,2020,5,20
1493,P043,2020,6,15
1494,P043,2020,7,44
1495,P043,2020,8,50
1496,P043,2020,9,35
1497,P043,2020,10,36
1498,P043,2020,11,12
1499,P043,2020,12,18
1500,P043,2020,13,28
1501,P043,2020,14,25
1502,P043,2020,15,33
1503,P043,2020,16,24
1504,P043,2020,17,46
1505,P043,2020,18,41
1506,P043,2020,19,42
1507,P043,2020,20,24
1508,P043,2020,21,43
1509,P043,2020,22,30
1510,P043,2020,23,15
1511,P043,2020,24,18
1512,P044,2020,1,23
1513,P044,2020,2,40
1514,P044,2020,3,20
1515,P044,2020,4,34
1516,P044,2020,5,19
1517,P044,2020,6,14
1518,P044,2020,7,42
1519,P044,2020,8,47
1520,P044,2020,9,33
1521,P044,2020,10,33
1522,P044,2020,11,11
1523,P044,2020,12,16
1524,P044,2020,13,26
1525,P044,2020,14,24
1526,P044,2020,15,31
1527,P044,2020,16,22
1528,P044,2020,17,44
1529,P044,2020,18,38
1530,P044,2020,19,39
1531,P044,2020,20,22
1532,P044,2020,21,40
1533,P044,2020,22,28
1534,P044,2020,23,14
1535,P044,2020,24,16
1536,P045,2020,1,23
1537,P045,2020,2,41
1538,P045,2020,3,20
1539,P045,2020,4,35
1540,P045,2020,5,19
1541,P045,2020,6,14
1542,P045,2020,7,43
1543,P045,2020,8,48
1544,P045,2020,9,34
1545,P045,2020,10,34
1546,P045,2020,11,11
1547,P045,2020,12,17
1548,P045,2020,13,27
1549,P045,2020,14,24
1550,P045,2020,15,31
1551,P045,2020,16,23
1552,P045,2020,17,44
1553,P045,2020,18,39
1554,P045,2020,19,40
1555,P045,2020,20,23
1556,P045,2020,21,41
1557,P045,2020,22,28
1558,P045,2020,23,14
1559,P045,2020,24,17
1560,P046,2020,1,23
1561,P046,2020,2,41
1562,P046,2020,3,20
1563,P046,2020,4,35
1564,P046,2020,5,19
1565,P046,2020,6,14
1566,P046,2020,7,43
1567,P046,2020,8,48
1568,P046,2020,9,34
1569,P046,2020,10,34
1570,P046,2020,11,11
1571,P046,2020,12,17
1572,P046,2020,13,27
1573,P046,2020,14,24
1574,P046,2020,15,31
1575,P046,2020,16,23
1576,P046,2020,17,44
1577,P046,2020,18,39
1578,P046,2020,19,40
1579,P046,2020,20,23
1580,P046,2020,21,41
1581,P046,2020,22,28
1582,P046,2020,23,14
1583,P046,2020,24,17
1584,R001,2020,1,9
1585,R001,2020,2,16
1586,R001,2020,3,8
1587,R001,2020,4,13
1588,R001,2020,5,7
1589,R001,2020,6,5
1590,R001,2020,7,16
1591,R001,2020,8,19
1592,R001,2020,9,13
1593,R001,2020,10,13
1594,R001,2020,11,4
1595,R001,2020,12,6
1596,R001,2020,13,10
1597,R001,2020,14,9
1598,R001,2020,15,12
1599,R001,2020,16,9
1600,R001,2020,17,17
1601,R001,2020,18,15
1602,R001,2020,19,15
1603,R001,2020,20,9
1604,R001,2020,21,16
1605,R001,2020,22,11
1606,R001,2020,23,5
1607,R001,2020,24,6
1608,R002,2020,1,9
1609,R002,2020,2,16
1610,R002,2020,3,8
1611,R002,2020,4,13
1612,R002,2020,5,7
1613,R002,2020,6,5
1614,R002,2020,7,16
1615,R002,2020,8,19
1616,R002,2020,9,13
1617,R002,2020,10,13
1618,R002,2020,11,4
1619,R002,2020,12,6
1620,R002,2020,13,10
1621,R002,2020,14,9
1622,R002,2020,15,12
1623,R002,2020,16,9
1624,R002,2020,17,17
1625,R002,2020,18,15
1626,R002,2020,19,15
1627,R002,2020,20,9
1628,R002,2020,21,16
1629,R002,2020,22,11
1630,R002,2020,23,5
1631,R002,2020,24,6
1632,S010,2020,1,36
1633,S010,2020,2,64
1634,S010,2020,3,32
1635,S010,2020,4,55
1636,S010,2020,5,30
1637,S010,2020,6,23
1638,S010,2020,7,67
1639,S010,2020,8,75
1640,S010,2020,9,53
1641,S010,2020,10,53
1642,S010,2020,11,17
1643,S010,2020,12,26
1644,S010,2020,13,42
1645,S010,2020,14,38
1646,S010,2020,15,49
1647,S010,2020,16,35
1648,S010,2020,17,69
1649,S010,2020,18,61
1650,S010,2020,19,62
1651,S010,2020,20,35
1652,S010,2020,21,64
1653,S010,2020,22,44
1654,S010,2020,23,22
1655,S010,2020,24,26
1656,S011,2020,1,37
1657,S011,2020,2,64
1658,S011,2020,3,32
1659,S011,2020,4,55
1660,S011,2020,5,30
1661,S011,2020,6,23
1662,S011,2020,7,67
1663,S011,2020,8,76
1664,S011,2020,9,53
1665,S011,2020,10,54
1666,S011,2020,11,18
1667,S011,2020,12,27
1668,S011,2020,13,42
1669,S011,2020,14,38
1670,S011,2020,15,49
1671,S011,2020,16,36
1672,S011,2020,17,70
1673,S011,2020,18,62
1674,S011,2020,19,63
1675,S011,2020,20,36
1676,S011,2020,21,65
1677,S011,2020,22,45
1678,S011,2020,23,22
1679,S011,2020,24,27
1680,S012,2020,1,36
1681,S012,2020,2,64
1682,S012,2020,3,32
1683,S012,2020,4,55
1684,S012,2020,5,30
1685,S012,2020,6,23
1686,S012,2020,7,67
1687,S012,2020,8,75
1688,S012,2020,9,53
1689,S012,2020,10,53
1690,S012,2020,11,17
1691,S012,2020,12,26
1692,S012,2020,13,42
1693,S012,2020,14,38
1694,S012,2020,15,49
1695,S012,2020,16,35
1696,S012,2020,17,69
1697,S012,2020,18,61
1698,S012,2020,19,62
1699,S012,2020,20,35
1700,S012,2020,21,64
1701,S012,2020,22,44
1702,S012,2020,23,22
1703,S012,2020,24,26
1704,S020,2020,1,9
1705,S020,2020,2,17
1706,S020,2020,3,8
1707,S020,2020,4,14
1708,S020,2020,5,8
1709,S020,2020,6,6
1710,S020,2020,7,17
1711,S020,2020,8,20
1712,S020,2020,9,14
1713,S020,2020,10,14
1714,S020,2020,11,4
1715,S020,2020,12,7
1716,S020,2020,13,11
1717,S020,2020,14,10
1718,S020,2020,15,13
1719,S020,2020,16,9
1720,S020,2020,17,18
1721,S020,2020,18,16
1722,S020,2020,19,16
1723,S020,2020,20,9
1724,S020,2020,21,17
1725,S020,2020,22,12
1726,S020,2020,23,6
1727,S020,2020,24,7
1728,S021,2020,1,10
1729,S021,2020,2,17
1730,S021,2020,3,8
1731,S021,2020,4,15
1732,S021,2020,5,8
1733,S021,2020,6,6
1734,S021,2020,7,18
1735,S021,2020,8,20
1736,S021,2020,9,14
1737,S021,2020,10,14
1738,S021,2020,11,4
1739,S021,2020,12,7
1740,S021,2020,13,11
1741,S021,2020,14,10
1742,S021,2020,15,13
1743,S021,2020,16,9
1744,S021,2020,17,19
1745,S021,2020,18,16
1746,S021,2020,19,17
1747,S021,2020,20,9
1748,S021,2020,21,17
1749,S021,2020,22,12
1750,S021,2020,23,6
1751,S021,2020,24,7
1752,S022,2020,1,10
1753,S022,2020,2,17
1754,S022,2020,3,8
1755,S022,2020,4,15
1756,S022,2020,5,8
1757,S022,2020,6,6
1758,S022,2020,7,18
1759,S022,2020,8,20
1760,S022,2020,9,14
1761,S022,2020,10,15
1762,S022,2020,11,5
1763,S022,2020,12,7
1764,S022,2020,13,11
1765,S022,2020,14,10
1766,S022,2020,15,13
1767,S022,2020,16,10
1768,S022,2020,17,19
1769,S022,2020,18,17
1770,S022,2020,19,17
1771,S022,2020,20,10
1772,S022,2020,21,18
1773,S022,2020,22,12
1774,S022,2020,23,6
1775,S022,2020,24,7
1776,S023,2020,1,9
1777,S023,2020,2,17
1778,S023,2020,3,8
1779,S023,2020,4,14
1780,S023,2020,5,8
1781,S023,2020,6,6
1782,S023,2020,7,17
1783,S023,2020,8,20
1784,S023,2020,9,14
1785,S023,2020,10,14
1786,S023,2020,11,4
1787,S023,2020,12,7
1788,S023,2020,13,11
1789,S023,2020,14,10
1790,S023,2020,15,13
1791,S023,2020,16,9
1792,S023,2020,17,18
1793,S023,2020,18,16
1794,S023,2020,19,16
1795,S023,2020,20,9
1796,S023,2020,21,17
1797,S023,2020,22,12
1798,S023,2020,23,6
1799,S023,2020,24,7
1800,S040,2020,1,9
1801,S040,2020,2,17
1802,S040,2020,3,8
1803,S040,2020,4,14
1804,S040,2020,5,8
1805,S040,2020,6,6
1806,S040,2020,7,17
1807,S040,2020,8,20
1808,S040,2020,9,14
1809,S040,2020,10,14
1810,S040,2020,11,4
1811,S040,2020,12,7
1812,S040,2020,13,11
1813,S040,2020,14,10
1814,S040,2020,15,13
1815,S040,2020,16,9
1816,S040,2020,17,18
1817,S040,2020,18,16
1818,S040,2020,19,16
1819,S040,2020,20,9
1820,S040,2020,21,17
1821,S040,2020,22,12
1822,S040,2020,23,6
1823,S040,2020,24,7
1824,S041,2020,1,9
1825,S041,2020,2,16
1826,S041,2020,3,8
1827,S041,2020,4,13
1828,S041,2020,5,7
1829,S041,2020,6,5
1830,S041,2020,7,16
1831,S041,2020,8,19
1832,S041,2020,9,13
1833,S041,2020,10,13
1834,S041,2020,11,4
1835,S041,2020,12,6
1836,S041,2020,13,10
1837,S041,2020,14,9
1838,S041,2020,15,12
1839,S041,2020,16,9
1840,S041,2020,17,17
1841,S041,2020,18,15
1842,S041,2020,19,15
1843,S041,2020,20,9
1844,S041,2020,21,16
1845,S041,2020,22,11
1846,S041,2020,23,5
1847,S041,2020,24,6
1848,S100,2020,1,9
1849,S100,2020,2,16
1850,S100,2020,3,8
1851,S100,2020,4,14
1852,S100,2020,5,7
1853,S100,2020,6,5
1854,S100,2020,7,17
1855,S100,2020,8,19
1856,S100,2020,9,13
1857,S100,2020,10,13
1858,S100,2020,11,4
1859,S100,2020,12,6
1860,S100,2020,13,10
1861,S100,2020,14,9
1862,S100,2020,15,12
1863,S100,2020,16,9
1864,S100,2020,17,17
1865,S100,2020,18,15
1866,S100,2020,19,15
1867,S100,2020,20,9
1868,S100,2020,21,16
1869,S100,2020,22,11
1870,S100,2020,23,5
1871,S100,2020,24,6
1872,S101,2020,1,9
1873,S101,2020,2,17
1874,S101,2020,3,8
1875,S101,2020,4,14
1876,S101,2020,5,8
1877,S101,2020,6,6
1878,S101,2020,7,17
1879,S101,2020,8,20
1880,S101,2020,9,14
1881,S101,2020,10,14
1882,S101,2020,11,4
1883,S101,2020,12,7
1884,S101,2020,13,11
1885,S101,2020,14,10
1886,S101,2020,15,13
1887,S101,2020,16,9
1888,S101,2020,17,18
1889,S101,2020,18,16
1890,S101,2020,19,16
1891,S101,2020,20,9
1892,S101,2020,21,17
1893,S101,2020,22,12
1894,S101,2020,23,6
1895,S101,2020,24,7
1896,T001,2020,1,4
1897,T001,2020,2,8
1898,T001,2020,3,4
1899,T001,2020,4,7
1900,T001,2020,5,3
1901,T001,2020,6,2
1902,T001,2020,7,8
1903,T001,2020,8,9
1904,T001,2020,9,6
1905,T001,2020,10,6
1906,T001,2020,11,2
1907,T001,2020,12,3
1908,T001,2020,13,5
1909,T001,2020,14,4
1910,T001,2020,15,6
1911,T001,2020,16,4
1912,T001,2020,17,8
1913,T001,2020,18,7
1914,T001,2020,19,8
1915,T001,2020,20,4
1916,T001,2020,21,8
1917,T001,2020,22,5
1918,T001,2020,23,2
1919,T001,2020,24,3
1920,T002,2020,1,4
1921,T002,2020,2,8
1922,T002,2020,3,4
1923,T002,2020,4,7
1924,T002,2020,5,3
1925,T002,2020,6,3
1926,T002,2020,7,8
1927,T002,2020,8,9
1928,T002,2020,9,6
1929,T002,2020,10,7
1930,T002,2020,11,2
1931,T002,2020,12,3
1932,T002,2020,13,5
1933,T002,2020,14,5
1934,T002,2020,15,6
1935,T002,2020,16,4
1936,T002,2020,17,9
1937,T002,2020,18,8
1938,T002,2020,19,8
1939,T002,2020,20,4
1940,T002,2020,21,8
1941,T002,2020,22,5
1942,T002,2020,23,2
1943,T002,2020,24,3
1944,T003,2020,1,4
1945,T003,2020,2,8
1946,T003,2020,3,4
1947,T003,2020,4,7
1948,T003,2020,5,4
1949,T003,2020,6,3
1950,T003,2020,7,8
1951,T003,2020,8,10
1952,T003,2020,9,7
1953,T003,2020,10,7
1954,T003,2020,11,2
1955,T003,2020,12,3
1956,T003,2020,13,5
1957,T003,2020,14,5
1958,T003,2020,15,6
1959,T003,2020,16,4
1960,T003,2020,17,9
1961,T003,2020,18,8
1962,T003,2020,19,8
1963,T003,2020,20,4
1964,T003,2020,21,8
1965,T003,2020,22,5
1966,T003,2020,23,2
1967,T003,2020,24,3
1968,T020,2020,1,86
1969,T020,2020,2,151
1970,T020,2020,3,75
1971,T020,2020,4,129
1972,T020,2020,5,71
1973,T020,2020,6,54
1974,T020,2020,7,157
1975,T020,2020,8,177
1976,T020,2020,9,125
1977,T020,2020,10,126
1978,T020,2020,11,42
1979,T020,2020,12,63
1980,T020,2020,13,98
1981,T020,2020,14,90
1982,T020,2020,15,115
1983,T020,2020,16,84
1984,T020,2020,17,163
1985,T020,2020,18,144
1986,T020,2020,19,147
1987,T020,2020,20,84
1988,T020,2020,21,151
1989,T020,2020,22,105
1990,T020,2020,23,52
1991,T020,2020,24,63
1992,T021,2020,1,188
1993,T021,2020,2,330
1994,T021,2020,3,165
1995,T021,2020,4,283
1996,T021,2020,5,155
1997,T021,2020,6,118
1998,T021,2020,7,344
1999,T021,2020,8,387
2000,T021,2020,9,273
2001,T021,2020,10,276
2002,T021,2020,11,92
2003,T021,2020,12,138
2004,T021,2020,13,216
2005,T021,2020,14,197
2006,T021,2020,15,253
2007,T021,2020,16,184
2008,T021,2020,17,358
2009,T021,2020,18,317
2010,T021,2020,19,322
2011,T021,2020,20,184
2012,T021,2020,21,331
2013,T021,2020,22,230
2014,T021,2020,23,115
2015,T021,2020,24,138
2016,T022,2020,1,95
2017,T022,2020,2,166
2018,T022,2020,3,83
2019,T022,2020,4,142
2020,T022,2020,5,78
2021,T022,2020,6,59
2022,T022,2020,7,173
2023,T022,2020,8,195
2024,T022,2020,9,138
2025,T022,2020,10,139
2026,T022,2020,11,46
2027,T022,2020,12,69
2028,T022,2020,13,109
2029,T022,2020,14,99
2030,T022,2020,15,127
2031,T022,2020,16,92
2032,T022,2020,17,180
2033,T022,2020,18,160
2034,T022,2020,19,162
2035,T022,2020,20,92
2036,T022,2020,21,167
2037,T022,2020,22,116
2038,T022,2020,23,58
2039,T022,2020,24,69
2040,T023,2020,1,96
2041,T023,2020,2,169
2042,T023,2020,3,84
2043,T023,2020,4,145
2044,T023,2020,5,79
2045,T023,2020,6,60
2046,T023,2020,7,176
2047,T023,2020,8,198
2048,T023,2020,9,140
2049,T023,2020,10,141
2050,T023,2020,11,47
2051,T023,2020,12,70
2052,T023,2020,13,110
2053,T023,2020,14,101
2054,T023,2020,15,129
2055,T023,2020,16,94
2056,T023,2020,17,184
2057,T023,2020,18,162
2058,T023,2020,19,165
2059,T023,2020,20,94
2060,T023,2020,21,169
2061,T023,2020,22,118
2062,T023,2020,23,59
2063,T023,2020,24,70
2064,T024,2020,1,93
2065,T024,2020,2,163
2066,T024,2020,3,81
2067,T024,2020,4,140
2068,T024,2020,5,77
2069,T024,2020,6,58
2070,T024,2020,7,170
2071,T024,2020,8,191
2072,T024,2020,9,135
2073,T024,2020,10,136
2074,T024,2020,11,45
2075,T024,2020,12,68
2076,T024,2020,13,107
2077,T024,2020,14,98
2078,T024,2020,15,125
2079,T024,2020,16,91
2080,T024,2020,17,177
2081,T024,2020,18,157
2082,T024,2020,19,159
2083,T024,2020,20,91
2084,T024,2020,21,164
2085,T024,2020,22,114
2086,T024,2020,23,57
2087,T024,2020,24,68
2088,T025,2020,1,196
2089,T025,2020,2,344
2090,T025,2020,3,172
2091,T025,2020,4,295
2092,T025,2020,5,162
2093,T025,2020,6,123
2094,T025,2020,7,359
2095,T025,2020,8,400
2096,T025,2020,9,285
2097,T025,2020,10,288
2098,T025,2020,11,96
2099,T025,2020,12,144
2100,T025,2020,13,225
2101,T025,2020,14,206
2102,T025,2020,15,264
2103,T025,2020,16,192
2104,T025,2020,17,374
2105,T025,2020,18,331
2106,T025,2020,19,336
2107,T025,2020,20,192
2108,T025,2020,21,345
2109,T025,2020,22,240
2110,T025,2020,23,120
2111,T025,2020,24,144
2112,T100,2020,1,4
2113,T100,2020,2,8
2114,T100,2020,3,4
2115,T100,2020,4,7
2116,T100,2020,5,3
2117,T100,2020,6,2
2118,T100,2020,7,8
2119,T100,2020,8,9
2120,T100,2020,9,6
2121,T100,2020,10,6
2122,T100,2020,11,2
2123,T100,2020,12,3
2124,T100,2020,13,5
2125,T100,2020,14,4
2126,T100,2020,15,6
2127,T100,2020,16,4
2128,T100,2020,17,8
2129,T100,2020,18,7
2130,T100,2020,19,8
2131,T100,2020,20,4
2132,T100,2020,21,8
2133,T100,2020,22,5
2134,T100,2020,23,2
2135,T100,2020,24,3
